h5_file,station,misfit,status
capteurs.0000.h5,UU_0050,0.0,OK
capteurs.0000.h5,UU_0073,4.6930784391722905e-38,OK
capteurs.0000.h5,UU_0061,5.07700909780264e-38,OK
capteurs.0000.h5,UU_0084,6.048374147859043e-38,OK
capteurs.0000.h5,UU_0072,2.7249588388227242e-37,OK
capteurs.0000.h5,UU_0062,3.5110151621393976e-37,OK
capteurs.0000.h5,UU_0083,7.9139790281922e-37,OK
capteurs.0000.h5,UU_0051,7.996262319539433e-37,OK
capteurs.0000.h5,UU_0074,8.610061361253632e-37,OK
capteurs.0000.h5,UU_0060,1.0758218970614609e-36,OK
capteurs.0000.h5,UU_0071,1.57958448236717e-36,OK
capteurs.0000.h5,UU_0094,1.7545183411606884e-36,OK
capteurs.0000.h5,UU_0063,1.9411655557589657e-36,OK
capteurs.0000.h5,UU_0082,2.3966733801702965e-36,OK
capteurs.0000.h5,UU_0052,3.1798024454498605e-36,OK
capteurs.0000.h5,UU_0093,3.633469430776617e-36,OK
capteurs.0000.h5,UU_0070,4.001975309454237e-36,OK
capteurs.0000.h5,UU_0064,4.775344737294821e-36,OK
capteurs.0000.h5,UU_0081,4.9143017922153213e-36,OK
capteurs.0000.h5,UU_0092,6.254789814374224e-36,OK
capteurs.0000.h5,UU_0053,7.103544106967931e-36,OK
capteurs.0000.h5,UU_0080,8.375794455227233e-36,OK
capteurs.0000.h5,UU_0091,9.652517799224495e-36,OK
capteurs.0000.h5,UU_0054,1.2521769623443094e-35,OK
capteurs.0000.h5,UU_0090,1.3855623260433246e-35,OK
capteurs.0003.h5,UU_0000,1.9884301839980562e-30,OK
capteurs.0003.h5,UU_0009,1.9884301839980566e-30,OK
capteurs.0002.h5,UU_0099,1.9884301839980583e-30,OK
capteurs.0003.h5,UU_0001,2.1723861660498135e-30,OK
capteurs.0003.h5,UU_0008,2.1723861660498135e-30,OK
capteurs.0002.h5,UU_0098,2.172386166049815e-30,OK
capteurs.0003.h5,UU_0010,2.3471670649328216e-30,OK
capteurs.0003.h5,UU_0019,2.3471670649328226e-30,OK
capteurs.0002.h5,UU_0089,2.3471670649328237e-30,OK
capteurs.0003.h5,UU_0002,2.3714271699382258e-30,OK
capteurs.0003.h5,UU_0007,2.371427169938227e-30,OK
capteurs.0002.h5,UU_0097,2.371427169938229e-30,OK
capteurs.0003.h5,UU_0011,2.5740294648137994e-30,OK
capteurs.0003.h5,UU_0018,2.5740294648137994e-30,OK
capteurs.0002.h5,UU_0088,2.5740294648138012e-30,OK
capteurs.0003.h5,UU_0003,2.5865904729996476e-30,OK
capteurs.0003.h5,UU_0006,2.5865904729996476e-30,OK
capteurs.0002.h5,UU_0096,2.58659047299965e-30,OK
capteurs.0003.h5,UU_0020,2.761569792210277e-30,OK
capteurs.0003.h5,UU_0029,2.761569792210278e-30,OK
capteurs.0002.h5,UU_0079,2.7615697922102816e-30,OK
capteurs.0003.h5,UU_0004,2.818970257404423e-30,OK
capteurs.0003.h5,UU_0005,2.818970257404423e-30,OK
capteurs.0002.h5,UU_0095,2.8189702574044258e-30,OK
capteurs.0003.h5,UU_0012,2.8202900911104632e-30,OK
capteurs.0003.h5,UU_0017,2.8202900911104653e-30,OK
capteurs.0002.h5,UU_0087,2.8202900911104674e-30,OK
capteurs.0003.h5,UU_0021,3.0390943778086693e-30,OK
capteurs.0003.h5,UU_0028,3.03909437780867e-30,OK
capteurs.0002.h5,UU_0078,3.039094377808674e-30,OK
capteurs.0003.h5,UU_0013,3.0873436725602358e-30,OK
capteurs.0003.h5,UU_0016,3.0873436725602358e-30,OK
capteurs.0002.h5,UU_0086,3.0873436725602396e-30,OK
capteurs.0003.h5,UU_0030,3.23876428378472e-30,OK
capteurs.0003.h5,UU_0039,3.238764283784721e-30,OK
capteurs.0002.h5,UU_0069,3.238764283784724e-30,OK
capteurs.0003.h5,UU_0022,3.341225774328324e-30,OK
capteurs.0003.h5,UU_0027,3.341225774328326e-30,OK
capteurs.0002.h5,UU_0077,3.341225774328331e-30,OK
capteurs.0003.h5,UU_0014,3.376665489687071e-30,OK
capteurs.0003.h5,UU_0015,3.3766654896870715e-30,OK
capteurs.0002.h5,UU_0085,3.376665489687074e-30,OK
capteurs.0003.h5,UU_0031,3.575804898985744e-30,OK
capteurs.0003.h5,UU_0038,3.5758048989857454e-30,OK
capteurs.0002.h5,UU_0068,3.575804898985748e-30,OK
capteurs.0003.h5,UU_0023,3.669800670369426e-30,OK
capteurs.0003.h5,UU_0026,3.6698006703694266e-30,OK
capteurs.0002.h5,UU_0076,3.669800670369433e-30,OK
capteurs.0003.h5,UU_0040,3.786603689405059e-30,OK
capteurs.0003.h5,UU_0049,3.786603689405059e-30,OK
capteurs.0002.h5,UU_0059,3.786603689405065e-30,OK
capteurs.0003.h5,UU_0032,3.9436952856700835e-30,OK
capteurs.0003.h5,UU_0037,3.9436952856700856e-30,OK
capteurs.0002.h5,UU_0067,3.9436952856700905e-30,OK
capteurs.0003.h5,UU_0024,4.026766307711201e-30,OK
capteurs.0003.h5,UU_0025,4.0267663077112025e-30,OK
capteurs.0002.h5,UU_0075,4.026766307711209e-30,OK
capteurs.0003.h5,UU_0048,4.1932322706020514e-30,OK
capteurs.0003.h5,UU_0041,4.193232270602052e-30,OK
capteurs.0002.h5,UU_0058,4.193232270602057e-30,OK
capteurs.0003.h5,UU_0033,4.344812861735792e-30,OK
capteurs.0003.h5,UU_0036,4.344812861735794e-30,OK
capteurs.0002.h5,UU_0066,4.344812861735798e-30,OK
capteurs.0003.h5,UU_0042,4.638143125033436e-30,OK
capteurs.0003.h5,UU_0047,4.638143125033439e-30,OK
capteurs.0002.h5,UU_0057,4.6381431250334466e-30,OK
capteurs.0003.h5,UU_0034,4.7816831133865176e-30,OK
capteurs.0003.h5,UU_0035,4.781683113386518e-30,OK
capteurs.0002.h5,UU_0065,4.781683113386526e-30,OK
capteurs.0003.h5,UU_0043,5.1243691849017486e-30,OK
capteurs.0003.h5,UU_0046,5.12436918490175e-30,OK
capteurs.0002.h5,UU_0056,5.124369184901758e-30,OK
capteurs.0003.h5,UU_0044,5.655137789073498e-30,OK
capteurs.0003.h5,UU_0045,5.655137789073499e-30,OK
capteurs.0002.h5,UU_0055,5.655137789073509e-30,OK
